Video_Index,Scenario_ID,Scenario,Group_ID,Throughput,Average_Travel_time
1,0,"[{'duration': 60, 'str': 'GGGGGrrrrrGGGGGrrrrr', 'traffic_light': 'Green', 'road': 'NS'}, {'duration': 5, 'str': 'YYYYYrrrrrYYYYYrrrrr', 'traffic_light': 'Yellow', 'road': 'NS'}, {'duration': 50, 'str': 'rrrrrGGGGGrrrrrGGGGG', 'traffic_light': 'Green', 'road': 'EW'}, {'duration': 5, 'str': 'rrrrrYYYYYrrrrrYYYYY', 'traffic_light': 'Yellow', 'road': 'EW'}]",Static,53,56.11904761904762
1,0,"[{'duration': 7, 'str': 'GrrrrrrrrrGrrrrrrrrr', 'traffic_light': 'Left Turn', 'road': 'NS'}, {'duration': 18, 'str': 'GGGGGrrrrrGGGGGrrrrr', 'traffic_light': 'Green', 'road': 'NS'}, {'duration': 5, 'str': 'YYYYYrrrrrYYYYYrrrrr', 'traffic_light': 'Yellow', 'road': 'NS'}, {'duration': 7, 'str': 'rrrrrGrrrrrrrrrGrrrr', 'traffic_light': 'Left Turn', 'road': 'EW'}, {'duration': 18, 'str': 'rrrrrGGGGGrrrrrGGGGG', 'traffic_light': 'Green', 'road': 'EW'}, {'duration': 10, 'str': 'rrrrrYYYYYrrrrrYYYYY', 'traffic_light': 'Yellow', 'road': 'EW'}]",Group9,65,56.11904761904762
2,0,"[{'duration': 60, 'str': 'GGGGGrrrrrGGGGGrrrrr', 'traffic_light': 'Green', 'road': 'NS'}, {'duration': 5, 'str': 'YYYYYrrrrrYYYYYrrrrr', 'traffic_light': 'Yellow', 'road': 'NS'}, {'duration': 50, 'str': 'rrrrrGGGGGrrrrrGGGGG', 'traffic_light': 'Green', 'road': 'EW'}, {'duration': 5, 'str': 'rrrrrYYYYYrrrrrYYYYY', 'traffic_light': 'Yellow', 'road': 'EW'}]",Static,97,45.046875
2,0,"[{'duration': 10, 'str': 'GrrrrrrrrrGrrrrrrrrr', 'traffic_light': 'Left Turn', 'road': 'NS'}, {'duration': 50, 'str': 'GGGGGrrrrrGGGGGrrrrr', 'traffic_light': 'Green', 'road': 'NS'}, {'duration': 10, 'str': 'YYYYYrrrrrYYYYYrrrrr', 'traffic_light': 'Yellow', 'road': 'NS'}, {'duration': 10, 'str': 'rrrrrGrrrrrrrrrGrrrr', 'traffic_light': 'Left Turn', 'road': 'EW'}, {'duration': 50, 'str': 'rrrrrGGGGGrrrrrGGGGG', 'traffic_light': 'Green', 'road': 'EW'}]",Group3,94,41.726027397260275
3,0,"[{'duration': 60, 'str': 'GGGGGrrrrrGGGGGrrrrr', 'traffic_light': 'Green', 'road': 'NS'}, {'duration': 5, 'str': 'YYYYYrrrrrYYYYYrrrrr', 'traffic_light': 'Yellow', 'road': 'NS'}, {'duration': 50, 'str': 'rrrrrGGGGGrrrrrGGGGG', 'traffic_light': 'Green', 'road': 'EW'}, {'duration': 5, 'str': 'rrrrrYYYYYrrrrrYYYYY', 'traffic_light': 'Yellow', 'road': 'EW'}]",Static,60,42.80904522613066
3,0,"[{'duration': 10, 'str': 'rrrrrGrrrrrrrrrGrrrr', 'traffic_light': 'Left Turn', 'road': 'EW'}, {'duration': 50, 'str': 'rrrrrGGGGGrrrrrGGGGG', 'traffic_light': 'Green', 'road': 'EW'}, {'duration': 10, 'str': 'rrrrrYYYYYrrrrrYYYYY', 'traffic_light': 'Yellow', 'road': 'EW'}, {'duration': 50, 'str': 'GGGGGrrrrrGGGGGrrrrr', 'traffic_light': 'Green', 'road': 'NS'}, {'duration': 10, 'str': 'YYYYYrrrrrYYYYYrrrrr', 'traffic_light': 'Yellow', 'road': 'NS'}]",Group15,81,37.83402489626556
4,0,"[{'duration': 60, 'str': 'GGGGGrrrrrGGGGGrrrrr', 'traffic_light': 'Green', 'road': 'NS'}, {'duration': 5, 'str': 'YYYYYrrrrrYYYYYrrrrr', 'traffic_light': 'Yellow', 'road': 'NS'}, {'duration': 50, 'str': 'rrrrrGGGGGrrrrrGGGGG', 'traffic_light': 'Green', 'road': 'EW'}, {'duration': 5, 'str': 'rrrrrYYYYYrrrrrYYYYY', 'traffic_light': 'Yellow', 'road': 'EW'}]",Static,66,37.11462450592885
4,0,"[{'duration': 30, 'str': 'GGGGGrrrrrGGGGGrrrrr', 'traffic_light': 'Green', 'road': 'NS'}, {'duration': 10, 'str': 'YYYYYrrrrrYYYYYrrrrr', 'traffic_light': 'Yellow', 'road': 'NS'}, {'duration': 30, 'str': 'rrrrrGGGGGrrrrrGGGGG', 'traffic_light': 'Green', 'road': 'EW'}, {'duration': 10, 'str': 'rrrrrYYYYYrrrrrYYYYY', 'traffic_light': 'Yellow', 'road': 'EW'}, {'duration': 20, 'str': 'rrrrrGrrrrrrrrrGrrrr', 'traffic_light': 'Left Turn', 'road': 'EW'}, {'duration': 20, 'str': 'GrrrrrrrrrGrrrrrrrrr', 'traffic_light': 'Left Turn', 'road': 'NS'}]",Group16,78,37.105839416058394
5,0,"[{'duration': 60, 'str': 'GGGGGrrrrrGGGGGrrrrr', 'traffic_light': 'Green', 'road': 'NS'}, {'duration': 5, 'str': 'YYYYYrrrrrYYYYYrrrrr', 'traffic_light': 'Yellow', 'road': 'NS'}, {'duration': 50, 'str': 'rrrrrGGGGGrrrrrGGGGG', 'traffic_light': 'Green', 'road': 'EW'}, {'duration': 5, 'str': 'rrrrrYYYYYrrrrrYYYYY', 'traffic_light': 'Yellow', 'road': 'EW'}]",Static,63,40.60365853658536
5,0,"[{'duration': 20, 'str': 'rrrrrGrrrrrrrrrGrrrr', 'traffic_light': 'Left Turn', 'road': 'EW'}, {'duration': 40, 'str': 'rrrrrGGGGGrrrrrGGGGG', 'traffic_light': 'Green', 'road': 'EW'}, {'duration': 10, 'str': 'rrrrrYYYYYrrrrrYYYYY', 'traffic_light': 'Yellow', 'road': 'EW'}, {'duration': 20, 'str': 'GrrrrrrrrrGrrrrrrrrr', 'traffic_light': 'Left Turn', 'road': 'NS'}, {'duration': 30, 'str': 'GGGGGrrrrrGGGGGrrrrr', 'traffic_light': 'Green', 'road': 'NS'}]",Group11,76,40.409495548961424
6,0,"[{'duration': 60, 'str': 'GGGGGrrrrrGGGGGrrrrr', 'traffic_light': 'Green', 'road': 'NS'}, {'duration': 5, 'str': 'YYYYYrrrrrYYYYYrrrrr', 'traffic_light': 'Yellow', 'road': 'NS'}, {'duration': 50, 'str': 'rrrrrGGGGGrrrrrGGGGG', 'traffic_light': 'Green', 'road': 'EW'}, {'duration': 5, 'str': 'rrrrrYYYYYrrrrrYYYYY', 'traffic_light': 'Yellow', 'road': 'EW'}]",Static,79,41.17574257425743
6,0,"[{'duration': 10, 'str': 'GrrrrrrrrrGrrrrrrrrr', 'traffic_light': 'Left Turn', 'road': 'NS'}, {'duration': 50, 'str': 'GGGGGrrrrrGGGGGrrrrr', 'traffic_light': 'Green', 'road': 'NS'}, {'duration': 10, 'str': 'YYYYYrrrrrYYYYYrrrrr', 'traffic_light': 'Yellow', 'road': 'NS'}, {'duration': 10, 'str': 'rrrrrGrrrrrrrrrGrrrr', 'traffic_light': 'Left Turn', 'road': 'EW'}, {'duration': 50, 'str': 'rrrrrGGGGGrrrrrGGGGG', 'traffic_light': 'Green', 'road': 'EW'}]",Group3,80,40.443396226415096
